TICKER,P/L,P/VP,DIVIDEND YIELD (DY),PAYOUT,MARGEM L√çQUIDA,EV/EBITDA,VPA,LPA,ROE,ROIC,D√çVIDA L√çQUIDA / EBITDA,CAGR RECEITAS 5 ANOS,CAGR LUCROS 5 ANOS,Valor de mercado,Valor de firma,Patrim√¥nio L√≠quido,N¬∫ total de papeis,Ativos,Ativo Circulante,Disponibilidade,Segmento de Listagem,Free Float,Tag Along,Liquidez M√©dia Di√°ria,Dividendos,Crescimento,Endividamento,Qualidade,RI,,VALOR INTR√çNSECO,,ROE,18%,18%,‚úÖ Bom,,M√âDIA NTN-B,,ROIC,15,O melhor indicador de efici√™ncia de capital. Superior ao ROE porque considera d√≠vida.,,,,P/L (Pre√ßo por Lucro),8x ‚Äì 15x,,,,Ticker,VALOR DE MERCADO,P/VP,DIVIDEND YIELD (DY),DY M√âDIO EM 5 ANOS,LIQUIDEZ DI√ÅRIA,VALOR PATRIMONIAL,VAL. PATRIMONIAL P/ COTA,VAC√ÇNCIA,N√öMERO DE COTISTAS,TAXA DE ADMINISTRA√á√ÉO,SEGMENTO,COTAS EMITIDAS,Relat√≥rio Gerencial,Data,Link,PRE√áO JUSTO GORDON,FATO RELEVANTE,DATA,LINK,,Ticker,Site RI
AGRO3,-8483,"0,96","3,84%",-,"-2,32%","16,68","20,48",-023,"-1,13%","1,13%","5,87","4,89%",-,"R$ 2,01 Bilh√µes","R$ 3,10 Bilh√µes","R$ 2,10 Bilh√µes",102.683.000,"R$ 3,83 Bilh√µes","R$ 1,19 Bilh√£o","R$ 236,22 Milh√µes",Novo Mercado,"62,15%","100,00%","R$ 2,57 Milh√µes",‚ùå,‚ùå,‚ùå,3,https://ri.brasil-agro.com/,,#NUM!,,ROIC,14%,14%,‚úÖ Bom,,"7,18%",,ROE,12,"Importante, mas pode ser inflado por alta alavancagem. Por isso, um pouco menos que ROIC.",,,,P/VP (Pre√ßo por Valor Patrimonial),"< 1,5x",,,,BDIF11,"R$  1,27 B","0,85","15,17%","20,75%","R$  2,31 M","R$  1,51 B","R$ 83,09","0,00%",32.819,"0,75%",Fundo de Infraestrutura (FI-Infra),18.124.968,----,----,----,"R$ 83,55",----,----,----,,AGRO3,https://ri.brasil-agro.com/
SLCE3,"12,8","1,4","3,28%","42,00%","6,06%","5,91","11,88","1,3","10,95%","13,15%","2,64","19,69%","2,73%","R$ 7,38 Bilh√µes","R$ 13,34 Bilh√µes","R$ 5,27 Bilh√µes",443.329.000,"R$ 20,53 Bilh√µes","R$ 8,99 Bilh√µes","R$ 1,72 Bilh√£o",Novo Mercado,"43,81%","100,00%","R$ 21,11 Milh√µes",‚ùå,‚ùå,‚úÖ,4,https://ri.slcagricola.com.br/,,"18,64108366",,P/L,12,12x,‚úÖ Justo,,,,EV/EBITDA,12,"Melhor indicador de valuation, ajustado √† d√≠vida. Fundamental para n√£o pagar caro.",,,,Dividend Yield (DY),> 6% a.a.,,,,BIDB11,"R$  190,78 M","0,91","17,02%","17,49%","R$  276,70 K","R$  209,36 M","R$ 83,89","0,00%",12.764,"0,80%",Fundo de Infraestrutura (FI-Infra),2.495.752,----,----,----,"R$ 127,78",----,----,----,,SLCE3,https://ri.slcagricola.com.br/
ABCB4,"5,23","0,85","8,37%","43,75%","10,55%",-,"27,39","4,45","16,24%","17,19%",,"11,80%","27,57%","R$ 5,69 Bilh√µes","R$ 5,69 Bilh√µes","R$ 6,70 Bilh√µes",244.656.000,"R$ 61,01 Bilh√µes","R$ 55,35 Bilh√µes","R$ 798,36 Milh√µes",N√≠vel 2,"30,59%","100,00%","R$ 6,99 Milh√µes",‚úÖ,‚úÖ,‚úÖ,10,https://ri.abcbrasil.com.br/,,"52,36815588",,EV/EBITDA,8,8x,‚úÖ Atraente,,,,D√≠vida L√≠q / EBITDA,12,Sa√∫de financeira. Empresas endividadas quebram mesmo com bons lucros.,,,,Payout,40% ‚Äì 70%,,,,BTCI11,"R$  921,57 M","0,91","12,43%","17,13%","R$  1,75 M","R$  1,01 B","R$ 10,20","0,00%",192.088,"0,95%",T√≠tulos e Valores Mobili√°rios,99.521.161,Relat√≥rio Gerencial,03/11/2025,https://investidor10.com.br/fiis/link_comunicado/BTCI11/14661/,"R$ 12,52",----,----,----,,ABCB4,https://ri.abcbrasil.com.br/
BBAS3,"10,05","0,71","7,61%","77,08%","4,19%",-,"31,78","2,24","7,04%","-2,46%",,"20,22%","3,66%","R$ 128,94 Bilh√µes","R$ 128,94 Bilh√µes","R$ 182,12 Bilh√µes",5.730.834.000,"R$ 2,54 Trilh√µes","R$ 2,27 Trilh√µes","R$ 65,75 Bilh√µes",Novo Mercado,"49,60%","100,00%","R$ 499,44 Milh√µes",‚úÖ,‚ùå,‚úÖ,7,https://ri.bb.com.br/,,"40,02139428",,D√≠vida L√≠q/EBITDA,"2,5","2,5x",‚úÖ Saud√°vel,,,,Margem L√≠quida,10,"Mostra poder de precifica√ß√£o, controle de custos e vantagem competitiva.",,,,Margem L√≠quida,> 15%,,,,CACR11,"R$  363,16 M","0,98","21,55%","22,15%","R$  2,23 M","R$  370,36 M","R$ 76,58","0,00%",25.148,"1,00%",H√≠brido,4.836.313,Relat√≥rio Gerencial,21/10/2025,https://investidor10.com.br/fiis/link_comunicado/CACR11/14281/,"R$ 151,47",Fato Relevante,22/09/2025,https://investidor10.com.br/fiis/link_comunicado/CACR11/13290/,,BBAS3,https://ri.bb.com.br/
BBDC4,"9,65","1,17","6,92%","63,65%","8,45%",-,"16,58","2,01","12,14%","8,85%",,"25,87%","5,47%","R$ 190,58 Bilh√µes","R$ 190,58 Bilh√µes","R$ 175,64 Bilh√µes",10.592.012.000,"R$ 2,20 Trilh√µes","R$ 1,79 Trilh√£o","R$ 225,63 Bilh√µes",N√≠vel 1,"62,16%","80,00%","R$ 455,23 Milh√µes",‚úÖ,üü°,‚úÖ,"6,5",https://banco.bradesco/ri,,"27,38303307",,Margem L√≠quida,16%,16%,‚úÖ Boa,,,,CAGR Lucros 5 anos,10,Crescimento sustent√°vel de lucro √© mais importante que receita.,,,,EV/EBITDA,< 10x,,,,CDII11,"R$  1,42 B","1,01","15,32%","15,93%","R$  4,55 M","R$  1,41 B","R$ 105,34","0,00%",47.733,1%,Fundo de Infraestrutura (FI-Infra),13.386.952,----,----,----,"R$ 168,36",----,----,----,,BBDC4,https://banco.bradesco/ri
BRSR6,"4,55","0,52","8,78%","39,99%","6,07%",-,"27,14","3,11","11,44%","11,45%",,"20,55%","11,80%","R$ 5,94 Bilh√µes","R$ 5,94 Bilh√µes","R$ 11,10 Bilh√µes",408.974.000,"R$ 158,84 Bilh√µes","R$ 150,44 Bilh√µes","R$ 2,11 Bilh√µes",N√≠vel 1,"50,61%","100,00%","R$ 11,59 Milh√µes",‚úÖ,‚úÖ,‚úÖ,"8,5",http://www.banrisul.com.br/ri,,"43,57891118",,CAGR Lucros 5a,10%,10%,‚úÖ Crescimento s√≥lido,,,,P/L,10,"Cl√°ssico, mas pode ser enganoso (afetado por impostos, deprecia√ß√£o). Complementa EV/EBITDA.",,,,VPA (Valor Patrimonial por A√ß√£o),‚Äî (N√£o especificado),,,,CPTI11,"R$  1,12 B","0,87","14,55%","16,16%","R$  2,75 M","R$  1,28 B","R$ 94,44","0,00%",37.826,1%,Fundo de Infraestrutura (FI-Infra),13.582.682,----,----,----,"R$ 123,95",----,----,----,,BRSR6,http://www.banrisul.com.br/ri
ITUB4,10,"2,04","6,91%","70,78%","11,26%",-,"19,93","4,06","20,37%","20,86%",,"17,48%","24,37%","R$ 412,55 Bilh√µes","R$ 412,55 Bilh√µes","R$ 214,92 Bilh√µes",10.784.548.000,"R$ 2,97 Trilh√µes","R$ 2,79 Trilh√µes","R$ 34,37 Bilh√µes",N√≠vel 1,"52,98%","80,00%","R$ 602,50 Milh√µes",‚úÖ,‚úÖ,‚úÖ,"8,5",https://www.itau.com.br/relacoes-com-investidores/,,"42,66855399",,DY,5%,5%,‚úÖ Razo√°vel,,,,DY (Dividend Yield),10,"Relevante para renda, mas n√£o define qualidade do neg√≥cio.",,,,LPA (Lucro por A√ß√£o),‚Äî (N√£o especificado),,,,CPTS11,"R$  2,44 B","0,84","13,43%","16,74%","R$  6,86 M","R$  2,92 B","R$ 8,89","0,00%",354.412,"1,05%",T√≠tulos e Valores Mobili√°rios,328.558.318,Relat√≥rio Gerencial,06/11/2025,https://investidor10.com.br/fiis/link_comunicado/CPTS11/14727/,"R$ 10,89",Fato Relevante,02/05/2025,https://investidor10.com.br/fiis/link_comunicado/CPTS11/8260/,,ITUB4,https://www.itau.com.br/relacoes-com-investidores/
SANB11,"10,41","1,02","5,55%","57,77%","7,87%",-,"33,03","3,24","9,82%","10,90%",,"19,97%","-1,12%","R$ 126,49 Bilh√µes","R$ 126,49 Bilh√µes","R$ 123,85 Bilh√µes",7.498.531.000,"R$ 1,26 Trilh√£o","R$ 1,13 Trilh√£o","R$ 21,58 Bilh√µes",N√≠vel 1,"9,88%","100,00%","R$ 108,29 Milh√µes",üü°,‚ùå,‚úÖ,5,https://www.santander.com.br/ri/,,"49,07022519",,Payout,60%,60%,‚úÖ Sustent√°vel,,,,Payout,9,Avalia sustentabilidade dos dividendos. Muito alto = risco; muito baixo = reten√ß√£o.,,,,ROE (Retorno sobre o Patrim√¥nio),> 15%,,,,FGAA11,"R$  394,89 M","0,93","15,75%","22,59%","R$  987,74 K","R$  424,18 M","R$ 9,41","0,00%",50.532,"1,15%",Fiagros,45.078.438,Relat√≥rio Gerencial,28/10/2025,https://investidor10.com.br/fiis/link_comunicado/FGAA11/14504/,"R$ 14,25",Fato Relevante,12/09/2025,https://investidor10.com.br/fiis/link_comunicado/FGAA11/12795/,,SANB11,https://www.santander.com.br/ri/
SANB4,"10,79","1,06","5,62%","57,77%","7,87%",-,"16,52","1,62","9,82%","10,90%",,"19,97%","-1,12%","R$ 126,49 Bilh√µes","R$ 126,49 Bilh√µes","R$ 123,85 Bilh√µes",7.498.531.000,"R$ 1,26 Trilh√£o","R$ 1,13 Trilh√£o","R$ 21,58 Bilh√µes",N√≠vel 1,"9,88%","100,00%","R$ 1,70 Milh√£o",üü°,‚ùå,‚úÖ,5,https://www.santander.com.br/ri/,,"24,53882638",,,,,,,,,,,,,,,ROIC (Retorno sobre o Capital Investido),> 12%,,,,GAME11,"R$  184,43 M","0,91","13,29%","18,54%","R$  112,12 K","R$  202,77 M","R$ 9,35","0,00%",21.529,"1,10%",Outros,21.697.666,Relat√≥rio Gerencial,21/10/2025,https://investidor10.com.br/fiis/link_comunicado/GAME11/14286/,"R$ 11,67",Fato Relevante,07/11/2025,https://investidor10.com.br/fiis/link_comunicado/GAME11/14750/,,SANB4,https://www.santander.com.br/ri/
ALUP11,"9,74","1,26","2,79%","25,24%","26,70%","6,37","27,3","3,53","12,93%","12,50%","2,81","-6,63%","-3,50%","R$ 11,74 Bilh√µes","R$ 21,00 Bilh√µes","R$ 9,00 Bilh√µes",988.880.000,"R$ 31,48 Bilh√µes","R$ 6,09 Bilh√µes","R$ 3,22 Bilh√µes",N√≠vel 2,"34,43%","100,00%","R$ 20,32 Milh√µes",‚ùå,‚ùå,‚úÖ,5,https://ri.alupar.com.br/,,"46,56503517",,,,,,,,,,,,,,,D√≠vida L√≠quida / EBITDA,< 3x,,,,GARE11,"R$  2,02 B","0,98","11,24%","14,40%","R$  5,78 M","R$  2,06 B","R$ 9,23","0,00%",407.425,"0,94%",H√≠brido,223.419.945,Relat√≥rio Gerencial,03/11/2025,https://investidor10.com.br/fiis/link_comunicado/GARE11/14656/,"R$ 11,00",Fato Relevante,31/10/2025,https://investidor10.com.br/fiis/link_comunicado/GARE11/14654/,,ALUP11,https://ri.alupar.com.br/
CMIG4,"8,02","1,12","12,99%","98,45%","9,47%","6,68","10,04","1,4","13,99%","11,80%","1,81","10,96%","7,02%","R$ 35,31 Bilh√µes","R$ 48,41 Bilh√µes","R$ 28,73 Bilh√µes",2.861.781.000,"R$ 64,75 Bilh√µes","R$ 13,25 Bilh√µes","R$ 2,32 Bilh√µes",N√≠vel 1,"81,34%","0,00%","R$ 86,97 Milh√µes",‚ùå,üü°,‚úÖ,7,https://ri.cemig.com.br/,,"17,7837004",,,,,,,,,,,,,,,CAGR Receitas (5 anos),> 5% a.a.,,,,GGRC11,"R$  1,70 B","0,90","12,03%","12,59%","R$  7,25 M","R$  1,88 B","R$ 10,98","4,92%",196.649,"1,10%",Log√≠stico / Ind√∫stria / Galp√µes,171.535.103,Relat√≥rio Gerencial,13/10/2025,https://investidor10.com.br/fiis/link_comunicado/GGRC11/13847/,"R$ 13,07",Fato Relevante,24/10/2025,https://investidor10.com.br/fiis/link_comunicado/GGRC11/14481/,,CMIG4,https://ri.cemig.com.br/
COCE3,"12,97","0,73","4,22%","46,33%","3,32%","4,58","43,72","2,47","5,64%","10,36%","2,96","8,57%","2,10%","R$ 3,14 Bilh√µes","R$ 8,85 Bilh√µes","R$ 5,21 Bilh√µes",119.202.000,"R$ 15,77 Bilh√µes","R$ 3,30 Bilh√µes","R$ 108,29 Milh√µes",Tradicional,"36,51%","0,00%","R$ 2,13 Mil",üü°,‚ùå,‚úÖ,4,https://ri.enel.com/,,"49,29238278",,,,,,,,,,,,,,,CAGR Lucros (5 anos),> 8% a.a.,,,,HABT11,"R$  574,56 M","0,75","17,96%","22,51%","R$  1,14 M","R$  767,92 M","R$ 94,49","0,00%",59.569,"0,20%",T√≠tulos e Valores Mobili√°rios,8.126.772,Relat√≥rio Gerencial,31/10/2025,https://investidor10.com.br/fiis/link_comunicado/HABT11/14619/,"R$ 138,32",----,----,----,,COCE3,https://ri.enel.com/
CPFE3,"9,77","2,35","6,05%","53,82%","12,25%","5,78","19,67","4,73","24,04%","16,51%","1,74","7,56%","9,18%","R$ 53,22 Bilh√µes","R$ 76,09 Bilh√µes","R$ 22,67 Bilh√µes",1.152.254.000,"R$ 82,45 Bilh√µes","R$ 18,52 Bilh√µes","R$ 5,89 Bilh√µes",Novo Mercado,"16,29%","100,00%","R$ 76,61 Milh√µes",‚úÖ,üü°,‚úÖ,"7,5",https://ri.cpfl.com.br/,,"45,75346708",,,,,,,,,,,,,,,,,,,,HGRE11,"R$  1,41 B","0,76","9,87%","9,94%","R$  1,89 M","R$  1,84 B","R$ 155,84","7,70%",140.770,"1,0%",Lajes Corporativas,11.817.756,Relat√≥rio Gerencial,14/11/2025,https://investidor10.com.br/fiis/link_comunicado/HGRE11/14888/,"R$ 128,08",Fato Relevante,16/10/2025,https://investidor10.com.br/fiis/link_comunicado/HGRE11/13994/,,CPFE3,https://ri.cpfl.com.br/
CPLE6,"19,19","1,63","4,56%","105,85%","8,85%","9,95","8,71","0,74","8,50%","8,20%","2,84","5,81%","-10,89%","R$ 42,50 Bilh√µes","R$ 59,46 Bilh√µes","R$ 25,99 Bilh√µes",2.982.810.000,"R$ 62,05 Bilh√µes","R$ 13,14 Bilh√µes","R$ 3,97 Bilh√µes",N√≠vel 2,"100,00%","100,00%","R$ 125,41 Milh√µes",‚ùå,‚ùå,‚úÖ,1,http://ri.copel.com/,,"12,04248728",,,,,,,,,,,,,,,,,,,,HGRU11,"R$  2,95 B","0,99","9,97%","10,82%","R$  3,26 M","R$  2,98 B","R$ 128,16","0,80%",222.193,"0,90%",H√≠brido,23.238.013,Relat√≥rio Gerencial,14/11/2025,https://investidor10.com.br/fiis/link_comunicado/HGRU11/14889/,"R$ 137,77",Fato Relevante,23/10/2025,https://investidor10.com.br/fiis/link_comunicado/HGRU11/14398/,,CPLE6,http://ri.copel.com/
EGIE3,"11,61","2,86","4,78%","27,84%","23,87%","7,66","15,08","3,72","24,66%","13,73%","3,13","0,73%","2,87%","R$ 35,22 Bilh√µes","R$ 59,55 Bilh√µes","R$ 12,30 Bilh√µes",815.927.000,"R$ 56,54 Bilh√µes","R$ 8,22 Bilh√µes","R$ 4,63 Bilh√µes",Novo Mercado,"31,28%","100,00%","R$ 53,45 Milh√µes",üü°,‚ùå,üü°,5,https://www.engie.com.br/investidores/,,"35,52739788",,,,,,,,,,,,,,,,,,,,IFRA11,"R$  1,43 B","0,91","13,16%","13,96%","R$  1,91 M","R$  1,58 B","R$ 101,74","0,00%",34.183,"0,85%",Fundo de Infraestrutura (FI-Infra),15.492.036,----,----,----,"R$ 113,84",----,----,----,,EGIE3,https://www.engie.com.br/investidores/
ELET6,-2693,"1,48","6,18%","-159,17%","-14,11%","22,24","42,22",-232,"-5,51%","2,12%","4,67","7,96%",-,"R$ 160,03 Bilh√µes","R$ 202,61 Bilh√µes","R$ 109,29 Bilh√µes",2.588.720.000,"R$ 266,50 Bilh√µes","R$ 52,37 Bilh√µes","R$ 28,26 Bilh√µes",N√≠vel 1,"97,21%","0,00%","R$ 96,66 Milh√µes",‚úÖ,‚ùå,‚ùå,"2,5",https://ri.eletrobras.com/,,#NUM!,,,,,,,,,,,,,,,,,,,,JURO11,"R$  2,00 B","0,95","11,55%","17,79%","R$  4,33 M","R$  2,10 B","R$ 102,32","0,00%",90.916,1%,Fundo de Infraestrutura (FI-Infra),20.571.666,----,----,----,"R$ 110,49",----,----,----,,ELET6,https://ri.eletrobras.com/
ENGI11,"7,53","1,34","5,34%","40,23%","9,24%","6,77","40,37","7,21","17,86%","10,44%","3,65","11,93%","21,66%","R$ 26,88 Bilh√µes","R$ 58,43 Bilh√µes","R$ 18,48 Bilh√µes",2.289.424.000,"R$ 82,86 Bilh√µes","R$ 19,81 Bilh√µes","R$ 9,49 Bilh√µes",N√≠vel 2,"71,31%","100,00%","R$ 112,90 Milh√µes",üü°,‚úÖ,üü°,6,https://ri.energisa.com.br/,,"80,92603567",,,,,,,,,,,,,,,,,,,,KNSC11,"R$  1,76 B","0,99","13,13%","15,24%","R$  4,58 M","R$  1,77 B","R$ 8,76","0,00%",230.771,"1,20%",T√≠tulos e Valores Mobili√°rios,202.202.374,Relat√≥rio Gerencial,10/11/2025,https://investidor10.com.br/fiis/link_comunicado/KNSC11/14788/,"R$ 12,42",----,----,----,,ENGI11,https://ri.energisa.com.br/
EQTL3,"14,65","1,73","5,67%","83,12%","6,56%","7,64","22,87","2,69","11,78%","10,88%","3,74","23,44%","3,57%","R$ 49,25 Bilh√µes","R$ 96,45 Bilh√µes","R$ 28,55 Bilh√µes",1.248.075.000,"R$ 126,17 Bilh√µes","R$ 32,67 Bilh√µes","R$ 15,20 Bilh√µes",Novo Mercado,"100,00%","100,00%","R$ 315,48 Milh√µes",üü°,‚ùå,üü°,2,https://ri.equatorialenergia.com.br/,,"37,20492911",,,,,,,,,,,,,,,,,,,,MCRE11,"R$  979,84 M","0,87","14,69%","17,65%","R$  2,20 M","R$  1,13 B","R$ 10,14","23,00%",84.248,"1,05%",T√≠tulos e Valores Mobili√°rios,111.598.910,Relat√≥rio Gerencial,23/10/2025,https://investidor10.com.br/fiis/link_comunicado/MCRE11/14394/,"R$ 14,05",----,----,----,,EQTL3,https://ri.equatorialenergia.com.br/
ISAE4,"6,18","0,87","9,42%","53,18%","32,78%","7,75","31,73","4,44","13,99%","10,97%","3,01","19,28%","-2,47%","R$ 19,52 Bilh√µes","R$ 31,92 Bilh√µes","R$ 20,91 Bilh√µes",658.883.000,"R$ 45,64 Bilh√µes","R$ 7,07 Bilh√µes","R$ 2,42 Bilh√µes",N√≠vel 1,"64,18%","0,00%","R$ 43,83 Milh√µes",‚úÖ,‚ùå,üü°,7,https://ri.isaenergiabrasil.com.br/,,"56,30121668",,,,,,,,,,,,,,,,,,,,MXRF11,"R$  4,21 B","1,02","12,15%","15,60%","R$  10,63 M","R$  4,12 B","R$ 9,41","0,00%",1.331.732,"0,90%",H√≠brido,437.325.286,Relat√≥rio Gerencial,07/11/2025,https://investidor10.com.br/fiis/link_comunicado/MXRF11/14751/,"R$ 12,74",Fato Relevante,07/10/2025,https://investidor10.com.br/fiis/link_comunicado/MXRF11/13743/,,ISAE4,https://ri.isaenergiabrasil.com.br/
TAEE11,"9,05","2,04","7,14%","48,34%","38,18%","8,33","22,19",5,"22,53%","15,61%","3,13","4,85%","-5,31%","R$ 15,37 Bilh√µes","R$ 24,63 Bilh√µes","R$ 7,65 Bilh√µes",1.033.496.000,"R$ 21,81 Bilh√µes","R$ 3,39 Bilh√µes","R$ 1,07 Bilh√£o",N√≠vel 2,"63,44%","100,00%","R$ 85,19 Milh√µes",‚úÖ,‚ùå,üü°,6,https://ri.taesa.com.br/,,"49,96373685",,,,,,,,,,,,,,,,,,,,PORD11,"R$  297,90 M","0,84","13,83%","20,00%","R$  532,90 K","R$  356,67 M","R$ 9,57","0,00%",46.910,"0,90%",T√≠tulos e Valores Mobili√°rios,37.283.739,Relat√≥rio Gerencial,21/10/2025,https://investidor10.com.br/fiis/link_comunicado/PORD11/14280/,"R$ 12,09",Fato Relevante,30/12/2024,https://investidor10.com.br/fiis/link_comunicado/PORD11/3741/,,TAEE11,https://ri.taesa.com.br/
TAEE4,"8,96","2,02","7,36%","48,34%","38,18%","8,33","7,4","1,67","22,53%","15,61%","3,13","4,85%","-5,31%","R$ 15,37 Bilh√µes","R$ 24,63 Bilh√µes","R$ 7,65 Bilh√µes",1.033.496.000,"R$ 21,81 Bilh√µes","R$ 3,39 Bilh√µes","R$ 1,07 Bilh√£o",N√≠vel 2,"63,44%","100,00%","R$ 2,94 Milh√µes",‚úÖ,‚ùå,üü°,6,https://ri.taesa.com.br/,,"16,67498126",,,,,,,,,,,,,,,,,,,,RECR11,"R$  2,03 B","0,87","15,38%","19,50%","R$  2,60 M","R$  2,34 B","R$ 88,65","0,00%",173.343,"0,20%",T√≠tulos e Valores Mobili√°rios,26.441.639,Relat√≥rio Gerencial,10/11/2025,https://investidor10.com.br/fiis/link_comunicado/RECR11/14780/,"R$ 128,84",----,----,----,,TAEE4,https://ri.taesa.com.br/
BRAP4,"6,35","0,79","10,66%","68,35%",-,"6,06","23,21","2,87","12,38%","11,43%",-051,"-100,00%","-5,10%","R$ 6,89 Bilh√µes","R$ 6,36 Bilh√µes","R$ 9,12 Bilh√µes",393.096.000,"R$ 9,22 Bilh√µes","R$ 532,29 Milh√µes","R$ 532,03 Milh√µes",N√≠vel 1,"71,57%","80,00%","R$ 66,76 Milh√µes",‚úÖ,‚ùå,‚úÖ,8,https://bradespar.bradesco/inicio/informacoes-aos-investidores,,"38,71415439",,,,,,,,,,,,,,,,,,,,RURA11,"R$  1,30 B","0,79","13,47%","15,72%","R$  1,49 M","R$  1,65 B","R$ 10,29","0,00%",87.438,"1,00%",Fiagros,160.099.498,Relat√≥rio Gerencial,12/11/2025,https://investidor10.com.br/fiis/link_comunicado/RURA11/14825/,"R$ 11,98",----,----,----,,BRAP4,https://bradespar.bradesco/inicio/informacoes-aos-investidores
ITSA4,"8,25","1,42","8,56%","73,99%","193,63%","7,22","8,41","1,45","17,22%","17,04%","0,23","6,92%","16,85%","R$ 131,49 Bilh√µes","R$ 135,80 Bilh√µes","R$ 92,41 Bilh√µes",10.993.810.000,"R$ 113,42 Bilh√µes","R$ 9,71 Bilh√µes","R$ 5,39 Bilh√µes",N√≠vel 1,"65,74%","80,00%","R$ 234,43 Milh√µes",‚úÖ,‚úÖ,‚úÖ,9,https://ri.itausa.com.br/,,"16,56430651",,,,,,,,,,,,,,,,,,,,RZAG11,"R$  620,53 M","0,94","15,95%","21,41%","R$  1,38 M","R$  660,96 M","R$ 9,71","0,00%",80.818,"1,15%",Fiagros,68.040.414,Relat√≥rio Gerencial,29/10/2025,https://investidor10.com.br/fiis/link_comunicado/RZAG11/14521/,"R$ 15,90",----,----,----,,ITSA4,https://ri.itausa.com.br/
FESA4,"11,77","0,75","16,04%","79,56%","9,19%","7,84","9,59","0,61","6,34%","1,55%",-242,"7,60%","25,18%","R$ 3,02 Bilh√µes","R$ 2,30 Bilh√µes","R$ 3,39 Bilh√µes",353.175.000,"R$ 4,23 Bilh√µes","R$ 1,69 Bilh√£o","R$ 880,72 Milh√µes",N√≠vel 1,"45,83%","0,00%","R$ 4,80 Milh√µes",‚úÖ,‚úÖ,‚úÖ,8,https://www.ferbasa.com.br/investidores/,,"11,47269585",,,,,,,,,,,,,,,,,,,,SNAG11,"R$  621,37 M","1,00","13,20%","13,06%","R$  1,72 M","R$  620,26 M","R$ 10,21","0,00%",114.375,"0,17%",Fiagros,60.740.342,Relat√≥rio Gerencial,23/09/2025,https://investidor10.com.br/fiis/link_comunicado/SNAG11/13394/,"R$ 14,70",----,----,----,,FESA4,https://www.ferbasa.com.br/investidores/
CMIN3,"12,94","3,17","7,63%","184,37%","12,07%","4,21","1,84","0,45","24,47%","22,21%",-067,"8,22%","-9,34%","R$ 31,98 Bilh√µes","R$ 27,61 Bilh√µes","R$ 10,10 Bilh√µes",5.485.338.000,"R$ 36,31 Bilh√µes","R$ 16,75 Bilh√µes","R$ 13,60 Bilh√µes",N√≠vel 1,"20,25%","100,00%","R$ 27,80 Milh√µes",‚ùå,‚ùå,‚úÖ,5,https://ri.csnmineracao.com.br/,,"4,316248371",,,,,,,,,,,,,,,,,,,,TRXF11,"R$  3,26 B","0,99","13,26%","12,55%","R$  11,92 M","R$  3,30 B","R$ 101,55","0,22%",202.621,"1,00%",H√≠brido,32.493.273,Relat√≥rio Gerencial,06/11/2025,https://investidor10.com.br/fiis/link_comunicado/TRXF11/14725/,"R$ 144,96",Fato Relevante,11/11/2025,https://investidor10.com.br/fiis/link_comunicado/TRXF11/14810/,,CMIN3,https://ri.csnmineracao.com.br/
VALE3,"9,8","1,36","6,99%","68,54%","14,15%","6,05","48,06","6,65","13,84%","12,41%","1,11","0,46%","3,29%","R$ 295,85 Bilh√µes","R$ 362,08 Bilh√µes","R$ 218,13 Bilh√µes",4.539.007.000,"R$ 484,95 Bilh√µes","R$ 87,68 Bilh√µes","R$ 32,39 Bilh√µes",Novo Mercado,"94,09%","100,00%","R$ 1,04 Bilh√£o",‚úÖ,‚ùå,‚úÖ,"7,5",https://vale.com/pt/investidores,,"84,79963149",,,,,,,,,,,,,,,,,,,,VGHF11,"R$  1,20 B","0,85","14,56%","19,17%","R$  2,94 M","R$  1,41 B","R$ 8,57","0,00%",391.479,"0,90%",H√≠brido,164.721.672,Relat√≥rio Gerencial,23/10/2025,https://investidor10.com.br/fiis/link_comunicado/VGHF11/14408/,"R$ 11,54",----,----,----,,VALE3,https://vale.com/pt/investidores
KLBN11,"11,99","2,16","5,56%","72,59%","8,89%","6,33","8,28","1,5","18,06%","9,40%","3,42","11,72%",-,"R$ 22,23 Bilh√µes","R$ 48,33 Bilh√µes","R$ 10,24 Bilh√µes",6.179.682.000,"R$ 62,16 Bilh√µes","R$ 16,59 Bilh√µes","R$ 9,73 Bilh√µes",N√≠vel 2,"63,92%","100,00%","R$ 79,21 Milh√µes",üü°,‚ùå,üü°,3,https://ri.klabin.com.br/,,"16,71675806",,,,,,,,,,,,,,,,,,,,VGIA11,"R$  827,38 M","0,99","15,52%","22,70%","R$  1,91 M","R$  837,94 M","R$ 9,69","0,00%",168.556,"1,15%",Fiagros,86.455.106,Relat√≥rio Gerencial,10/10/2025,https://investidor10.com.br/fiis/link_comunicado/VGIA11/13829/,"R$ 16,23",----,----,----,,KLBN11,https://ri.klabin.com.br/
KLBN4,12,"2,17","5,56%","72,59%","8,89%","6,33","1,66","0,3","18,06%","9,40%","3,42","11,72%",-,"R$ 22,23 Bilh√µes","R$ 48,33 Bilh√µes","R$ 10,24 Bilh√µes",6.179.682.000,"R$ 62,16 Bilh√µes","R$ 16,59 Bilh√µes","R$ 9,73 Bilh√µes",N√≠vel 2,"63,92%","100,00%","R$ 12,39 Milh√µes",üü°,‚ùå,üü°,2,https://ri.klabin.com.br/,,"3,347387041",,,,,,,,,,,,,,,,,,,,VILG11,"R$  1,38 B","0,82","8,87%","10,20%","R$  2,04 M","R$  1,69 B","R$ 112,59","2,00%",143.116,"0,95%",Log√≠stico / Ind√∫stria / Galp√µes,14.997.385,Relat√≥rio Gerencial,07/11/2025,https://investidor10.com.br/fiis/link_comunicado/VILG11/14768/,"R$ 89,09",----,----,----,,KLBN4,https://ri.klabin.com.br/
PETR4,"5,44",1,"15,83%","93,10%","15,77%","4,19","32,81","6,01","18,33%","11,94%","1,75","12,55%","65,67%","R$ 438,06 Bilh√µes","R$ 752,14 Bilh√µes","R$ 422,93 Bilh√µes",12.888.732.000,"R$ 1,21 Trilh√£o","R$ 149,36 Bilh√µes","R$ 62,00 Bilh√µes",N√≠vel 2,"60,70%","100,00%","R$ 1,02 Bilh√£o",‚ùå,‚úÖ,‚úÖ,9,https://www.investidorpetrobras.com.br/,,"66,60880009",,,,,,,,,,,,,,,,,,,,XPML11,"R$  6,07 B","0,95","9,46%","9,53%","R$  10,50 M","R$  6,39 B","R$ 112,61","3,90%",608.911,"0,55%",Shoppings / Varejo,56.720.776,Relat√≥rio Gerencial,07/11/2025,https://investidor10.com.br/fiis/link_comunicado/XPML11/14772/,"R$ 110,22",Fato Relevante,23/10/2025,https://investidor10.com.br/fiis/link_comunicado/XPML11/14348/,,PETR4,https://www.investidorpetrobras.com.br/
PRIO3,"3,55","1,37",-,-,"70,19%","6,86","28,95","11,21","38,74%","-8,44%","2,29","49,71%","85,88%","R$ 35,67 Bilh√µes","R$ 53,57 Bilh√µes","R$ 25,95 Bilh√µes",896.346.000,"R$ 59,73 Bilh√µes","R$ 13,64 Bilh√µes","R$ 9,41 Bilh√µes",Novo Mercado,"89,53%","100,00%","R$ 280,91 Milh√µes",‚ùå,‚úÖ,‚úÖ,7,https://ri.prio3.com.br/,,"85,45123609",,,,,,,,,,,,,,,,,,,,,,,,,,,,,,,,,,,,,,,,,PRIO3,https://ri.prio3.com.br/
UNIP6,"9,23","2,94","13,63%","121,87%","14,19%","6,04","21,83","6,95","31,82%","13,99%","1,13","7,44%","16,13%","R$ 6,98 Bilh√µes","R$ 8,58 Bilh√µes","R$ 2,47 Bilh√µes",113.173.000,"R$ 7,63 Bilh√µes","R$ 3,06 Bilh√µes","R$ 1,72 Bilh√£o",Tradicional,"55,28%","0,00%","R$ 10,19 Milh√µes",‚ùå,‚úÖ,‚úÖ,8,https://ri.unipar.com/,,"58,42658855",,,,,,,,,,,,,,,,,,,,,,,,,,,,,,,,,,,,,,,,,UNIP6,https://ri.unipar.com/
CSMG3,"11,08","1,74","4,48%","49,60%","16,55%","7,32","22,65","3,55","15,68%","10,59%","2,09","8,84%","10,59%","R$ 14,96 Bilh√µes","R$ 20,96 Bilh√µes","R$ 8,61 Bilh√µes",380.253.000,"R$ 16,78 Bilh√µes","R$ 2,28 Bilh√µes","R$ 633,08 Milh√µes",Novo Mercado,"49,56%","100,00%","R$ 56,19 Milh√µes",üü°,‚úÖ,‚úÖ,"7,5",https://ri.copasa.com.br/,,"42,53432437",,,,,,,,,,,,,,,,,,,,,,,,,,,,,,,,,,,,,,,,,CSMG3,https://ri.copasa.com.br/
SAPR11,"4,95","0,9","6,16%","21,14%","30,88%","4,12","39,8","7,24","18,20%","11,10%","0,46","8,12%","16,42%","R$ 10,85 Bilh√µes","R$ 12,23 Bilh√µes","R$ 12,03 Bilh√µes",1.511.205.000,"R$ 26,00 Bilh√µes","R$ 7,49 Bilh√µes","R$ 5,88 Bilh√µes",N√≠vel 2,"79,97%","100,00%","R$ 35,20 Milh√µes",‚úÖ,‚úÖ,‚úÖ,"9,5",https://ri.sanepar.com.br/,,"80,51968703",,,,,,,,,,,,,,,,,,,,,,,,,,,,,,,,,,,,,,,,,SAPR11,https://ri.sanepar.com.br/
SAPR4,"4,88","0,89","6,36%","21,14%","30,88%","4,12","7,96","1,45","18,20%","11,10%","0,46","8,12%","16,42%","R$ 10,85 Bilh√µes","R$ 12,23 Bilh√µes","R$ 12,03 Bilh√µes",1.511.205.000,"R$ 26,00 Bilh√µes","R$ 7,49 Bilh√µes","R$ 5,88 Bilh√µes",N√≠vel 2,"79,97%","100,00%","R$ 7,83 Milh√µes",‚úÖ,‚úÖ,‚úÖ,"9,5",https://ri.sanepar.com.br/,,"16,11505507",,,,,,,,,,,,,,,,,,,,,,,,,,,,,,,,,,,,,,,,,SAPR4,https://ri.sanepar.com.br/
BBSE3,"7,51","5,25","12,47%","94,72%",-,-,"6,43","4,5","69,93%","62,41%",-,"-100,00%","18,51%","R$ 67,58 Bilh√µes","R$ 60,32 Bilh√µes","R$ 12,87 Bilh√µes",2.000.000.000,"R$ 20,44 Bilh√µes","R$ 8,67 Bilh√µes","R$ 7,26 Bilh√µes",Novo Mercado,"31,87%","100,00%","R$ 119,04 Milh√µes",‚ùå,‚úÖ,‚úÖ,9,http://www.bbseguridaderi.com.br/,,"25,5154365",,,,,,,,,,,,,,,,,,,,,,,,,,,,,,,,,,,,,,,,,BBSE3,http://www.bbseguridaderi.com.br/
CXSE3,"10,61","3,45","8,12%","80,42%",-,-,"4,5","1,46","32,48%","31,27%",-,"-100,00%","19,96%","R$ 46,56 Bilh√µes","R$ 45,47 Bilh√µes","R$ 13,51 Bilh√µes",3.000.000.000,"R$ 14,62 Bilh√µes","R$ 1,93 Bilh√£o","R$ 1,10 Bilh√£o",Novo Mercado,"17,25%","100,00%","R$ 41,18 Milh√µes",üü°,‚úÖ,‚úÖ,9,https://www.ri.caixaseguridade.com.br/,,"12,15833048",,,,,,,,,,,,,,,,,,,,,,,,,,,,,,,,,,,,,,,,,CXSE3,https://www.ri.caixaseguridade.com.br/
VIVT3,"18,55","1,64","3,45%","121,74%","10,34%","5,08","21,21","1,88","8,85%","10,37%","0,46","6,31%","4,85%","R$ 112,28 Bilh√µes","R$ 123,56 Bilh√µes","R$ 68,44 Bilh√µes",3.226.546.000,"R$ 123,90 Bilh√µes","R$ 24,25 Bilh√µes","R$ 6,80 Bilh√µes",Tradicional,"24,64%","80,00%","R$ 118,99 Milh√µes",‚ùå,‚ùå,‚úÖ,2,https://ri.telefonica.com.br/,,"29,9530132",,,,,,,,,,,,,,,,,,,,,,,,,,,,,,,,,,,,,,,,,VIVT3,https://ri.telefonica.com.br/
,,,,,,,,,,,,,,,,,,,,,,,,,,,,,,,,,,,,,,,,,,,,,,,,,,,,,,,,,,,,,,,,,,,,,,,,BDIF11,https://www.btgpactual.com/asset-management/fundos/fundos-listados/BDIF11
,,,,,,,,,,,,,,,,,,,,,,,,,,,,,,,,,,,,,,,,,,,,,,,,,,,,,,,,,,,,,,,,,,,,,,,,BIDB11,https://www.interasset.com.br/fundos-de-credito/bidb11/
,,,,,,,,,,,,,,,,,,,,,,,,,,,,,,,,,,,,,,,,,,,,,,,,,,,,,,,,,,,,,,,,,,,,,,,,BTCI11,https://www.btgpactual.com/asset-management/fundos/fundos-listados/BTCI11
,,,,,,,,,,,,,,,,,,,,,,,,,,,,,,,,,,,,,,,,,,,,,,,,,,,,,,,,,,,,,,,,,,,,,,,,CACR11,https://cartesia.com.br/relatorios-gerenciais/
,,,,,,,,,,,,,,,,,,,,,,,,,,,,,,,,,,,,,,,,,,,,,,,,,,,,,,,,,,,,,,,,,,,,,,,,CDII11,https://www.sparta.com.br/sparta-cdii11/
,,,,,,,,,,,,,,,,,,,,,,,,,,,,,,,,,,,,,,,,,,,,,,,,,,,,,,,,,,,,,,,,,,,,,,,,CPTI11,https://capitaniainfra.com.br/cpti11/
,,,,,,,,,,,,,,,,,,,,,,,,,,,,,,,,,,,,,,,,,,,,,,,,,,,,,,,,,,,,,,,,,,,,,,,,CPTS11,https://capitaniafii.com.br/cpts11/
,,,,,,,,,,,,,,,,,,,,,,,,,,,,,,,,,,,,,,,,,,,,,,,,,,,,,,,,,,,,,,,,,,,,,,,,FGAA11,https://fga.com.br/fgaa11/
,,,,,,,,,,,,,,,,,,,,,,,,,,,,,,,,,,,,,,,,,,,,,,,,,,,,,,,,,,,,,,,,,,,,,,,,GAME11,https://www.guardian-asset.com/listgroup.aspx?idCanal=oVZeGFr7lG6FLWi55O/V0g==&ano=2025
,,,,,,,,,,,,,,,,,,,,,,,,,,,,,,,,,,,,,,,,,,,,,,,,,,,,,,,,,,,,,,,,,,,,,,,,GARE11,https://www.guardian-asset.com/listgroup.aspx?idCanal=kVQS3/qrr8IkKyuNNve5Bg==&ano=2025
,,,,,,,,,,,,,,,,,,,,,,,,,,,,,,,,,,,,,,,,,,,,,,,,,,,,,,,,,,,,,,,,,,,,,,,,GGRC11,https://www.ggrc11.com.br/
,,,,,,,,,,,,,,,,,,,,,,,,,,,,,,,,,,,,,,,,,,,,,,,,,,,,,,,,,,,,,,,,,,,,,,,,HABT11,https://www.xpasset.com.br/fundos/habitat-ii-fii/
,,,,,,,,,,,,,,,,,,,,,,,,,,,,,,,,,,,,,,,,,,,,,,,,,,,,,,,,,,,,,,,,,,,,,,,,HGRE11,https://realestate.patria.com/tijolo/hgre11/
,,,,,,,,,,,,,,,,,,,,,,,,,,,,,,,,,,,,,,,,,,,,,,,,,,,,,,,,,,,,,,,,,,,,,,,,HGRU11,https://realestate.patria.com/tijolo/hgru11/
,,,,,,,,,,,,,,,,,,,,,,,,,,,,,,,,,,,,,,,,,,,,,,,,,,,,,,,,,,,,,,,,,,,,,,,,IFRA11,https://www.itauassetmanagement.com.br/fundos/credito/ifra11/
,,,,,,,,,,,,,,,,,,,,,,,,,,,,,,,,,,,,,,,,,,,,,,,,,,,,,,,,,,,,,,,,,,,,,,,,JURO11,https://www.sparta.com.br/sparta-fi-infra/
,,,,,,,,,,,,,,,,,,,,,,,,,,,,,,,,,,,,,,,,,,,,,,,,,,,,,,,,,,,,,,,,,,,,,,,,KNSC11,https://www.kinea.com.br/fundos/fundo-imobiliario-kinea-securities-knsc11/
,,,,,,,,,,,,,,,,,,,,,,,,,,,,,,,,,,,,,,,,,,,,,,,,,,,,,,,,,,,,,,,,,,,,,,,,MCRE11,https://jivemaua.com.br/fundo/maua-capital-real-estate-mcre11/
,,,,,,,,,,,,,,,,,,,,,,,,,,,,,,,,,,,,,,,,,,,,,,,,,,,,,,,,,,,,,,,,,,,,,,,,MXRF11,https://www.xpasset.com.br/fundos/maxi-renda/
,,,,,,,,,,,,,,,,,,,,,,,,,,,,,,,,,,,,,,,,,,,,,,,,,,,,,,,,,,,,,,,,,,,,,,,,PORD11,https://www.polocapital.com/fundo/pord11/
,,,,,,,,,,,,,,,,,,,,,,,,,,,,,,,,,,,,,,,,,,,,,,,,,,,,,,,,,,,,,,,,,,,,,,,,RECR11,https://rec-gestao.com/fundos/recr11/
,,,,,,,,,,,,,,,,,,,,,,,,,,,,,,,,,,,,,,,,,,,,,,,,,,,,,,,,,,,,,,,,,,,,,,,,RURA11,https://www.itauassetmanagement.com.br/fundos/credito/rura11/
,,,,,,,,,,,,,,,,,,,,,,,,,,,,,,,,,,,,,,,,,,,,,,,,,,,,,,,,,,,,,,,,,,,,,,,,RZAG11,https://rizaasset.com/fundos-investimentos/listados/fiagro/riza-fiagro
,,,,,,,,,,,,,,,,,,,,,,,,,,,,,,,,,,,,,,,,,,,,,,,,,,,,,,,,,,,,,,,,,,,,,,,,SNAG11,https://www.suno.com.br/asset/fundos/snag11/
,,,,,,,,,,,,,,,,,,,,,,,,,,,,,,,,,,,,,,,,,,,,,,,,,,,,,,,,,,,,,,,,,,,,,,,,TRXF11,https://www.trxf11.com.br/
,,,,,,,,,,,,,,,,,,,,,,,,,,,,,,,,,,,,,,,,,,,,,,,,,,,,,,,,,,,,,,,,,,,,,,,,VGHF11,https://valorainvest.com.br/fundo/vghf11-fii/
,,,,,,,,,,,,,,,,,,,,,,,,,,,,,,,,,,,,,,,,,,,,,,,,,,,,,,,,,,,,,,,,,,,,,,,,VGIA11,https://valorainvest.com.br/fundo/vgia11-fiagro/
,,,,,,,,,,,,,,,,,,,,,,,,,,,,,,,,,,,,,,,,,,,,,,,,,,,,,,,,,,,,,,,,,,,,,,,,VILG11,https://www.vincifundoslistados.com/nossos-fundos/vinci-logistica-fii-vilg11/
,,,,,,,,,,,,,,,,,,,,,,,,,,,,,,,,,,,,,,,,,,,,,,,,,,,,,,,,,,,,,,,,,,,,,,,,XPML11,https://www.xpasset.com.br/fundos/xp-malls/
